standard_id,standard_text,chunk_count,avg_score,max_score,coverage_level
CCSS.MATH.1.G.A.1,"Distinguish between defining attributes (e.g., triangles are closed and three-sided) versus non-defining attributes (e.g., color, orientation, overall size); build and draw shapes to possess defining attributes.",0,0,0,none
CCSS.MATH.1.G.A.2,"Compose two-dimensional shapes (rectangles, squares, trapezoids, triangles, half-circles, and quarter-circles) or three-dimensional shapes (cubes, right rectangular prisms, right circular cones, and right circular cylinders) to create a composite shape, and compose new shapes from the composite shape.",0,0,0,none
CCSS.MATH.1.G.A.3,"Partition circles and rectangles into two and four equal shares, describe the shares using the words halves, fourths, and quarters, and use the phrases half of, fourth of, and quarter of. Describe the whole as two of, or four of the shares. Understand for these examples that decomposing into more equal shares creates smaller shares.",0,0,0,none
CCSS.MATH.1.MD.A.1,Order three objects by length; compare the lengths of two objects indirectly by using a third object.,0,0,0,none
CCSS.MATH.1.MD.A.2,"Express the length of an object as a whole number of length units, by laying multiple copies of a shorter object (the length unit) end to end; understand that the length measurement of an object is the number of same-size length units that span it with no gaps or overlaps. Limit to contexts where the object being measured is spanned by a whole number of length units with no gaps or overlaps.",0,0,0,none
CCSS.MATH.1.MD.B.3,Tell and write time in hours and half-hours using analog and digital clocks.,0,0,0,none
CCSS.MATH.1.MD.C.4,"Organize, represent, and interpret data with up to three categories; ask and answer questions about the total number of data points, how many in each category, and how many more or less are in one category than in another.",0,0,0,none
CCSS.MATH.1.NBT.A.1,"Count to 120 starting at any number less than 120. In this range, read and write numerals and represent a number of objects with a written numeral.",0,0,0,none
CCSS.MATH.1.NBT.B.2,Understand that the two digits of a two-digit number represent amounts of tens and ones.,0,0,0,none
CCSS.MATH.1.NBT.B.3,"Compare two two-digit numbers based on meanings of the tens and ones digits, recording the results of comparisons with the symbols >, =, and <.",0,0,0,none
CCSS.MATH.1.NBT.C.4,"Add within 100, including adding a two-digit number and a one-digit number, and adding a two-digit number and a multiple of 10, using concrete models or drawings and strategies based on place value, properties of operations, and/or the relationship between addition and subtraction; relate the strategy to a written method and explain the reasoning used. Understand that in adding two-digit numbers, one adds tens and tens, ones and ones, and sometimes it is necessary to compose a ten.",0,0,0,none
CCSS.MATH.1.NBT.C.5,"Given a two-digit number, mentally find 10 more or 10 less than the number, without having to count; explain the reasoning used.",0,0,0,none
CCSS.MATH.1.NBT.C.6,"Subtract multiples of 10 in the range of 10-90 from multiples of 10 in the range of 10-90 (positive or zero differences), using concrete models or drawings and strategies based on place value, properties of operations, and/or the relationship between addition and subtraction; relate the strategy to a written method and explain the reasoning used.",0,0,0,none
CCSS.MATH.1.OA.A.1,"Use addition and subtraction within 20 to solve word problems involving situations of adding to, taking from, putting together, taking apart, and comparing, with unknowns in all positions, e.g., by using objects, drawings, and equations with a symbol for the unknown number to represent the problem.",0,0,0,none
CCSS.MATH.1.OA.A.2,"Solve word problems that call for addition of three whole numbers whose sum is less than or equal to 20, e.g., by using objects, drawings, and equations with a symbol for the unknown number to represent the problem.",0,0,0,none
CCSS.MATH.1.OA.B.3,"Apply properties of operations as strategies to add and subtract. (Students need not use formal terms for these properties.) Examples: If 8 + 3 = 11 is known, then 3 + 8 = 11 is also known. (Commutative property of addition) To add 2 + 6 + 4, the second two numbers can be added to make a ten, so 2 + 6 + 4 = 2 + 10, which equals 12. (Associative property of addition.)",0,0,0,none
CCSS.MATH.1.OA.B.4,"Understand subtraction as an unknown-addend problem. For example, subtract 10 – 8 by finding the number that makes 10 when added to 8.",0,0,0,none
CCSS.MATH.1.OA.C.5,"Relate counting to addition and subtraction (e.g., by counting on 2 to add 2).",0,0,0,none
CCSS.MATH.1.OA.C.6,"Add and subtract within 20, demonstrating fluency for addition and subtraction within 10. Use strategies such as counting on, making ten (e.g. 8 + 6 = 8 + 2 + 4, which leads to 10 + 4 = 14); decomposing a number leading to a ten (e.g., 13 - 4 = 13 - 3 - 1, which leads to 10 - 1 = 9); using the relationship between addition and subtraction (e.g., knowing that 8 + 4 = 12, one knows 12 - 8 = 4); and creating equivalent but easier or known sums (e.g., adding 6 + 7 by creating the known equivalent 6 + 6 + 1 = 12 + 1, which equals 13).",1,0.6863,0.6863,weak
CCSS.MATH.1.OA.D.7,"Understand the meaning of the equal sign, and determine if equations involving addition and subtraction are true or false. For example, which of the following equations are true and which are false? 6 = 6, 7 = 8 – 1, 5 + 2 = 2 + 5, 4 + 1 = 5 + 2.",0,0,0,none
CCSS.MATH.1.OA.D.8,"Determine the unknown whole number in an addition or subtraction equation relating three whole numbers. For example, determine the unknown number that makes the question true in each of the equations 8 + ? = 11, 5 = ? - 3, 6 + 6 = ?.",0,0,0,none
CCSS.MATH.2.G.A.1,"Recognize and draw shapes having specific attributes, such as a given number of angles or a given number of equal faces. Identify triangles, quadrilaterals, pentagons, hexagons, and cubes.",2,0.67015,0.672,weak
CCSS.MATH.2.G.A.2,Partition a rectangle into rows and columns of same-size squares and count to find the total number of them.,0,0,0,none
CCSS.MATH.2.G.A.3,"Partition circles and rectangles into two, three, or four equal shares, describe the shares using the words halves, thirds, half of, a third of, etc., and describe the whole as two halves, three thirds, four fourths. Recognize that equal shares of identical wholes need not have the same shape.",0,0,0,none
CCSS.MATH.2.MD.A.1,"Measure the length of an object by selecting and using appropriate tools such as rulers, yardsticks, meter sticks, and measuring tapes.",0,0,0,none
CCSS.MATH.2.MD.A.2,"Measure the length of an object twice, using length units of different lengths for the two measurements; describe how the two measurements relate to the size of the unit chosen.",0,0,0,none
CCSS.MATH.2.MD.A.3,"Estimate lengths using units of inches, feet, centimeters, and meters.",0,0,0,none
CCSS.MATH.2.MD.A.4,"Measure to determine how much longer one object is than another, expressing the length difference in terms of a standard length unit.",0,0,0,none
CCSS.MATH.2.MD.B.5,"Use addition and subtraction within 100 to solve word problems involving lengths that are given in the same units, e.g., by using drawings (such as drawings of rulers) and equations with a symbol for the unknown number to represent the problem.",0,0,0,none
CCSS.MATH.2.MD.B.6,"Represent whole numbers as lengths from 0 on a number line diagram with equally spaced points corresponding to the number 0, 1, 2, …, and represent whole-number sums and differences within 100 on a number line diagram.",0,0,0,none
CCSS.MATH.2.MD.C.7,"Tell and write time from analog and digital clocks to the nearest five minutes, using a.m. and p.m.",0,0,0,none
CCSS.MATH.2.MD.C.8,"Solve word problems involving dollar bills, quarters, dimes, nickels, and pennies, using $ and ¢ symbols appropriately. Example: If you have 2 dimes and 3 pennies, how many cents do you have?",0,0,0,none
CCSS.MATH.2.MD.D.10,"Draw a picture graph and a bar graph (with single-unit scale) to represent a data set with up to four categories. Solve simple put-together, take-apart, and compare problems using information presented in a bar graph.",1,0.6773,0.6773,weak
CCSS.MATH.2.MD.D.9,"Generate measurement data by measuring lengths of several objects to the nearest whole unit, or by making repeated measurements of the same object. Show the measurements by making a line plot, where the horizontal scale is marked off in whole-number units.",1,0.686,0.686,weak
CCSS.MATH.2.NBT.A.1,"Understand that the three digits of a three-digit number represent amounts of hundreds, tens, and ones; e.g., 706 equals 7 hundreds, 0 tens, and 6 ones.",0,0,0,none
CCSS.MATH.2.NBT.A.2,"Count within 1000; skip-count by 5s, 10s, and 100s.",0,0,0,none
CCSS.MATH.2.NBT.A.3,"Read and write numbers to 1000 using base-ten numerals, number names, and expanded form.",0,0,0,none
CCSS.MATH.2.NBT.A.4,"Compare two three-digit numbers based on meanings of the hundreds, tens, and ones digits, using >, =, and < symbols to record the results of comparisons.",0,0,0,none
CCSS.MATH.2.NBT.B.5,"Fluently add and subtract within 100 using strategies based on place value, properties of operations, and/or the relationship between addition and subtraction.",0,0,0,none
CCSS.MATH.2.NBT.B.6,"Add up to four two-digit numbers using strategies based on place value, properties of operations.",0,0,0,none
CCSS.MATH.2.NBT.B.7,"Add and subtract within 1000, using concrete models or drawings and strategies based on place value, properties of operations, and/or the relationship between addition and subtraction; relate the strategy to a written method. Understand that in adding or subtracting three-digit numbers, one adds or subtracts hundreds and hundreds, tens and tens, ones and ones; and sometimes it is necessary to compose or decompose tens or hundreds.",0,0,0,none
CCSS.MATH.2.NBT.B.8,"Mentally add 10 or 100 to a given number 100-900, and mentally subtract 10 or 100 from a given number 100-900.",0,0,0,none
CCSS.MATH.2.NBT.B.9,"Explain why addition and subtraction strategies work, using place value and the properties of operations.",0,0,0,none
CCSS.MATH.2.OA.A.1,"Use addition and subtraction within 100 to solve one- and two-step word problems involving situations of adding to, taking from, putting together, taking apart, and comparing, with unknowns in all positions, e.g., by using drawings, and equations with a symbol for the unknown number to represent the problem.",1,0.65,0.65,weak
CCSS.MATH.2.OA.B.2,"Fluently add and subtract within 20 using mental strategies. By end of Grade 2, know from memory all sums of two one-digit numbers.",0,0,0,none
CCSS.MATH.2.OA.C.3,"Determine whether a group of objects (up to 20 has an odd or even number of members, e.g., by pairing objects or counting them by 2s; write an equation to express an even number as a sum of two equal addends.",0,0,0,none
CCSS.MATH.2.OA.C.4,Use addition to find the total number of objects arranged in rectangular arrays with up to 5 rows and up to 5 columns; write an equation to express the total as a sum of equal addends.,0,0,0,none
CCSS.MATH.3.G.A.1,"Understand that shapes in different categories (e.g., rhombuses, rectangles, and others) may share attributes (e.g., having four sides), and that the shared attributes can define a larger category (e.g., quadrilaterals). Recognize rhombuses, rectangles, and squares as examples of quadrilaterals, and draw examples of quadrilaterals that do not belong to any of these subcategories.",3,0.6645,0.6733,strong
CCSS.MATH.3.G.A.2,"Partition shapes into parts with equal areas. Express the area of each part as a unit fraction of the whole. For example, partition a shape into 4 parts with equal area, and describe the area of each part as ¼ of the area of the shape.",1,0.688,0.688,weak
CCSS.MATH.3.MD.A.1,"Tell and write time to the nearest minute and measure time intervals in minutes. Solve word problems involving addition and subtraction of time intervals in minutes, e.g., by representing the problem on a number line diagram.",0,0,0,none
CCSS.MATH.3.MD.A.2,"Measure and estimate liquid volumes and masses of objects using standard units of grams (g), kilograms kg), and liters (l). Add, subtract, multiply, or divide to solve one-step word problems involving masses or volumes that are given in the same units, e.g., by using drawings (such as a beaker with a measurement scale) to represent the problem.",1,0.6803,0.6803,weak
CCSS.MATH.3.MD.B.3,"Draw a scaled picture graph and a scaled bar graph to represent a data set with several categories. Solve one- and two-step ""how many more"" and ""how may less"" problems using information presented in scaled bar graphs. For example, draw a bar graph in which each square in the bar graph might represent 5 pets.",2,0.67885,0.6863,weak
CCSS.MATH.3.MD.B.4,"Generate measurement data by measuring lengths using rulers marked with halves and fourths of an inch. Show the data by making a line plot where the horizontal scale is marked off in appropriate units – whole numbers, halves, or quarters.",6,0.6697166666666666,0.6952,strong
CCSS.MATH.3.MD.C.5,Recognize area as an attribute of plane figures and understand concept of area measurement.,1,0.65,0.65,weak
CCSS.MATH.3.MD.C.6,"Measure areas by counting unit squares (square cm, square m, square in., square ft., and improvised units).",3,0.6853333333333333,0.6959,strong
CCSS.MATH.3.MD.C.7,Relate area to the operations of multiplication and addition.,0,0,0,none
CCSS.MATH.3.MD.D.8,"Solve real world and mathematical problems involving perimeters of polygons, including finding the perimeter given the side lengths, finding an unknown side length, and exhibiting rectangles with the same perimeter and different areas or with the same area and different perimeters.",0,0,0,none
CCSS.MATH.3.NBT.A.1,Use place value understanding to round whole numbers to the nearest 10 or 100.,0,0,0,none
CCSS.MATH.3.NBT.A.2,"Fluently add and subtract within 1000 using strategies and algorithms based on place value, properties of operations, and/or the relationship between addition and subtraction.",0,0,0,none
CCSS.MATH.3.NBT.A.3,"Multiply one-digit whole numbers by multiples of 10 in the range of 10-90 (e.g., 9 x 80, 5 x 60) using strategies based on place value and properties of operations.",0,0,0,none
CCSS.MATH.3.NF.A.1,Understand a fraction 1/b as the quantity formed by 1 part when a whole is partitioned into b equal parts; understand a fraction a/b as the quantity formed by a parts of size 1/b.,0,0,0,none
CCSS.MATH.3.NF.A.2,Understand a fraction as a number on the number line; represent fractions on a number line diagram.,0,0,0,none
CCSS.MATH.3.NF.A.3,"Explain equivalence of fractions in special cases, and compare fractions by reasoning about their size.",0,0,0,none
CCSS.MATH.3.OA.A.1,"Interpret products of whole numbers, e.g., interpret 5 x 7 as the total number of objects in 5 groups of 7 objects each. For example, describe a context in which a total number of objects can be expressed as 5 x 7.",0,0,0,none
CCSS.MATH.3.OA.A.2,"Interpret whole-number quotients of whole numbers, e.g., interpret 56 ÷ 8 as the number of objects in each share when 56 objects are partitioned equally into 8 shares, or as a number of shares when 56 objects are partitioned into equal shares of 8 objects each. For example, describe a context in which a number of shares or a number of groups can be expressed as 56 ÷8.",0,0,0,none
CCSS.MATH.3.OA.A.3,"Use multiplication and division within 100 to solve word problems in situations involving equal groups, arrays, and measurement quantities, e.g., by using drawings and equations with a symbol for the unknown number to represent the problem.",2,0.6952,0.6993,weak
CCSS.MATH.3.OA.A.4,"Determine the unknown whole number in a multiplication or division equation relating three whole numbers. For example, determine the unknown number that makes the equation true in each of the equations 8 x ? = 48, 5 =☐ ÷ 3, 6 x 6 = ?",0,0,0,none
CCSS.MATH.3.OA.B.5,"Apply properties of operations as strategies to multiply and divide. <ul><li>If 6 x 4 = 24 is known, then 4 x 6 = 24 is also known. (Commutative property of multiplication)</li> <li>3 x 5 x 2 can be found by 3 x 5 = 15, then 15 x 2 = 30, or by 5 x 2 = 10, then 3 x 10 = 30. (Associative property of multiplication)</li> <li>Knowing that 8 x 5 = 40 and 8 x 2 = 16, one can find 8 x 7 as 8 x (5 + 2) = (8 x 5) + (8 x 2) which leads to 40 + 16 = 56. (Distributive property)</li></ul>",0,0,0,none
CCSS.MATH.3.OA.B.6,"Understand division as an unknown-factor problem. For example, find 32 ÷ 8 by finding the number that makes 32 when multiplied by 8.",0,0,0,none
CCSS.MATH.3.OA.C.7,"Fluently multiply and divide within 100, using strategies such as the relationship between multiplication and division (e.g., knowing that 8 x 5 = 40, one knows 40 ÷ 5 = 8) or properties of operations. By the end of Grade 3, know from memory all products of two one-digit numbers.",14,0.6633000000000001,0.6981,strong
CCSS.MATH.3.OA.D.8,Solve two-step word problems using the four operations. Represent these problems using equations with a letter standing for the unknown quantity. Assess the reasonableness of answers using mental computation and estimation strategies including rounding.,0,0,0,none
CCSS.MATH.3.OA.D.9,"Identify arithmetic patterns (including patterns in the addition table or multiplication table), and explain them using properties of operations. For example, observe that 4 times a number is always even and explain why 4 times a number can be decomposed into two equal addends.",0,0,0,none
CCSS.MATH.4.G.A.1,"Draw points, lines, line segments, rays, angles (right, acute, obtuse), and perpendicular and parallel lines. Identify these in two-dimensional figures.",0,0,0,none
CCSS.MATH.4.G.A.2,"Classify two-dimensional figures based on the presence or absence of parallel or perpendicular lines, or the presence or absence of angles of a specified size. Recognize right triangles as a category, and identify right triangles.",0,0,0,none
CCSS.MATH.4.G.A.3,Recognize a line of symmetry for a two-dimensional figure as a line across the figure such that the figure can be folded along the line into matching parts. Identify line-symmetric figures and draw lines of symmetry.,0,0,0,none
CCSS.MATH.4.MD.A.1,"Know relative sizes of measurement units within one system of units including km, m, cm, kg, g; lb, oz.; l, ml; hr, min, sec. Within a single system of measurement, express measurements in a larger unit in terms of a smaller unit. Record measurement equivalents in a two-column table. For example, know that 1 ft is 12 times as long as 1 in. Express the length of a 4 ft snake as 48 in. Generate a conversion table for feet and inches listing the number pairs (1, 12), (2, 24), 3, 36), …",4,0.6954,0.7228,strong
CCSS.MATH.4.MD.A.2,"Use the four operations to solve word problems involving distances, intervals of time, liquid volumes, masses of objects, and money, including problems involving simple fractions or decimals, and problems that require expressing measurements given in a larger unit in terms of a smaller unit. Represent measurement quantities using diagrams such as number line diagrams that feature a measurement scale.",11,0.6759181818181819,0.702,strong
CCSS.MATH.4.MD.A.3,"Apply the area and perimeter formulas for rectangles in real world and mathematical problems. For example, find the width of a rectangular room given the area of the flooring and the length, by viewing the area formulas as a multiplication equation with an unknown factor.",7,0.6756142857142857,0.6947,strong
CCSS.MATH.4.MD.B.4,"Make a line plot to display a data set of measurements in fractions of a unit (1/2, 1/4, 1/8). Solve problems involving addition and subtraction of fractions by using information presented in line plots. For example, from a line plot find and interpret the difference in length between the longest and shortest specimens in an insect collection.",4,0.67635,0.6858,strong
CCSS.MATH.4.MD.C.5,"Recognize angles as geometric shapes that are formed wherever two rays share a common endpoint, and understand concepts of angle measurement.",4,0.6768749999999999,0.6907,strong
CCSS.MATH.4.MD.C.6,Measure angles in whole-number degrees using a protractor. Sketch angles of specified measure.,3,0.7013666666666666,0.7176,strong
CCSS.MATH.4.MD.C.7,"Recognize angle measure as additive. When an angle is decomposed into non-overlapping parts, the angle measure of the whole is the sum of the angle measures of the parts. Solve addition and subtraction problems to find unknown angles on a diagram in real world and mathematical problems, e.g., by using an equation with a symbol for the unknown angle measure.",7,0.6865428571428571,0.7065,strong
CCSS.MATH.4.NBT.A.1,"Recognize that in a multi-digit whole number, a digit in one place represents ten times what it represent in the place to its right. For example, recognize that 700 ÷ 70 = 10 by applying concepts of place value and division.",5,0.6826000000000001,0.6982,strong
CCSS.MATH.4.NBT.A.2,"Read and write multi-digit whole numbers using base-ten numerals, number names, and expanded form. Compare two multi-digit numbers based on meanings of the digits in each place, using >, =, and < symbols to record the results of comparisons.",1,0.6966,0.6966,weak
CCSS.MATH.4.NBT.A.3,Use place value understanding to round multi-digit whole numbers to any place.,0,0,0,none
CCSS.MATH.4.NBT.B.4,Fluently add and subtract multi-digit whole numbers using the standard algorithm.,0,0,0,none
CCSS.MATH.4.NBT.B.5,"Multiply a whole number of up to four digits by a one-digit whole number, and multiply two two-digit numbers, using strategies based on place value and the properties of operations. Illustrate and explain the calculation by using equations, rectangular arrays, and/or area models.",1,0.6765,0.6765,weak
CCSS.MATH.4.NBT.B.6,"Find whole-number quotients and remainders with up to four-digit dividends and one-digit divisors, using strategies based on place value, the properties of operations, and/or the relationship between multiplication and division. Illustrate and explain the calculation by using equations, rectangular arrays, and/or area models.",5,0.6927,0.7051999999999999,strong
CCSS.MATH.4.NF.A.1,"Explain why a fraction a/b is equivalent to a fraction (n x a)/(n x b) by using visual fraction models, with attention to how the number and size of the parts differ even though the two fractions themselves are the same size. Use this principle to recognize and generate equivalent fractions.",0,0,0,none
CCSS.MATH.4.NF.A.2,"Compare two fractions with different numerators and different denominators, e.g., by creating common denominators or numerators, or by comparing to a benchmark fraction such as ½. Recognize that comparisons are valid only when the two fractions refer to the same whole. Record the results of comparisons with symbols >, =, <, and justify the conclusions, e.g., by using a visual fraction model.",0,0,0,none
CCSS.MATH.4.NF.B.3,Understand a fraction a/b with a > 1 as a sum of fractions 1/b,0,0,0,none
CCSS.MATH.4.NF.B.4,Apply and extend previous understandings of multiplication to multiply a fraction by a whole number.,4,0.7335499999999999,0.7813,strong
CCSS.MATH.4.NF.C.5,"Express a fraction with denominator 10 as an equivalent fraction with denominator 100, and use this technique to add two fractions with respective denominators 10 and 100. For example, express 3/10 as 30/100, and add 3/10 + 4/100 = 34/100.",0,0,0,none
CCSS.MATH.4.NF.C.6,"Use decimal notation for fractions with denominators 10 and 100. For example, rewrite 0.62 as 62/100; describe a length as 0.62 meters; locate 0.62 on a number line diagram.",4,0.676825,0.6888,strong
CCSS.MATH.4.NF.C.7,"Compare two decimals to hundredths by reasoning about their size. Recognize that comparisons are valid only when the two decimals refer to the same whole. Record the results of comparisons with the symbols >, =, <, and justify the conclusions, e.g., by using a visual model.",0,0,0,none
CCSS.MATH.4.OA.A.1,"Interpret a multiplication equation as a comparison, e.g., interpret 35 = 5 x 7 as a statement that 35 is 5 times as many as 7 and 7 times as many as 5. Represent verbal statements of multiplicative comparisons as multiplication equations.",2,0.69195,0.6949,weak
CCSS.MATH.4.OA.A.2,"Multiply or divide to solve word problems involving multiplicative comparison, e.g., by using drawings and equations with a symbol for the unknown number to represent the problem, distinguishing multiplicative comparison from additive comparison.",17,0.6795058823529411,0.6949,strong
CCSS.MATH.4.OA.A.3,"Solve multistep word problems posed with whole numbers and having whole-number answers using the four operations, including problems in which remainders must be interpreted. Represent these problems using equations with a letter standing for the unknown quantity. Assess the reasonableness of answers using mental computation and estimation strategies including rounding.",0,0,0,none
CCSS.MATH.4.OA.B.4,Find all factor pairs for a whole number in the range 1-100. Recognize that a whole number is a multiple of each of its factors. Determine whether a given whole number in the range 1-100 is a multiple of a given one-digit number. Determine whether a given whole number in the range of 1-100 is prime or composite.,1,0.662,0.662,weak
CCSS.MATH.4.OA.C.5,"Generate a number or shape pattern that follows a given rule. Identify apparent features of the pattern that were not explicit in the rule itself. For example, given the rule ""Add 3"" and the starting number 1, generate terms in the resulting sequence and observe that the terms appear to alternate between odd and even numbers. Explain informally why the numbers will continue to alternate in this way.",3,0.6770999999999999,0.6812,strong
CCSS.MATH.5.G.A.1,"Use a pair of perpendicular number lines, called axes, to define a coordinate system, with the intersection of the lines (the origin) arranged to coincide with the 0 on each line and a given point in the plane located by using an ordered pair of numbers, called its coordinates. Understand that the first number indicates how far to travel from the origin in the direction of one axis, and the second number indicates how far to travel in the direction of the second axis, with the convention that the names of the two axes and the coordinates correspond (e.g., x-axis and x-coordinate, y-axis and y-coordinate).",3,0.6909000000000001,0.6929,strong
CCSS.MATH.5.G.A.2,"Represent real world and mathematical problems by graphing points in the first quadrant of the coordinate plane, and interpret coordinate values of points in the context of the situation.",11,0.7038909090909091,0.8024,strong
CCSS.MATH.5.G.B.3,"Understand that attributes belonging to a category of two-dimensional figures also belong to all subcategories of that category. For example, all rectangles have four right angles and squares are rectangles, so all squares have four right angles.",0,0,0,none
CCSS.MATH.5.G.B.4,Classify two-dimensional figures in a hierarchy based on properties.,0,0,0,none
CCSS.MATH.5.MD.A.1,"Convert among different-sized standard measurement units within a given measurement system (e.g., convert 5 cm to 0.05 m), and use these conversions in solving multi-step real world problems.",9,0.7198555555555556,0.7868,strong
CCSS.MATH.5.MD.B.2,"Make a line plot to display a data set of measurements in fractions of a unit (1/2, 1/4, 1/8). Use operations on fractions for this grade to solve problems involving information presented in line plots. For example, given different measurements of liquid in identical beakers, find the amount of liquid each beaker would contain if the total amount in all the beakers were redistributed equally.",10,0.67863,0.7776000000000001,strong
CCSS.MATH.5.MD.C.3,Recognize volume as an attribute of solid figures and understand concepts of volume measurement.,1,0.6797,0.6797,weak
CCSS.MATH.5.MD.C.4,"Measure volumes by counting unit cubes, using cubic cm, cubic in, cubic ft, and improvised units.",3,0.7526,0.7631,strong
CCSS.MATH.5.MD.C.5,Relate volume to the operations of multiplication and addition and solve real world and mathematical problems involving volume.,1,0.6927,0.6927,weak
CCSS.MATH.5.NBT.A.1,"Recognize that in a multi-digit number, a digit in one place represents 10 times as much as it represents in the place to its right and 110 of what it represents in the place to its left.",1,0.693,0.693,weak
CCSS.MATH.5.NBT.A.2,"Explain patterns in the number of zeros of the product when multiplying a number by powers of 10, and explain patterns in the placement of the decimal point when a decimal is multiplied or divided by a power of 10. Use whole number exponents to denote powers of 10.",14,0.7435071428571429,0.7969,strong
CCSS.MATH.5.NBT.A.3,"Read, write, and compare decimals to thousandths.",0,0,0,none
CCSS.MATH.5.NBT.A.4,Use place value understanding to round decimals to any place.,1,0.7625000000000001,0.7625000000000001,weak
CCSS.MATH.5.NBT.B.4,Use place value understanding to round decimals to any place,1,0.7575000000000001,0.7575000000000001,weak
CCSS.MATH.5.NBT.B.5,Fluently multiply multi-digit whole numbers using the standard algorithm.,0,0,0,none
CCSS.MATH.5.NBT.B.6,"Find whole-number quotients of whole numbers with up to four-digit dividends and two-digit divisors, using strategies based on place value, the properties of operations, and/or the relationship between multiplication and division. Illustrate and explain the calculation by using equations, rectangular arrays, and/or area models.",18,0.7490277777777777,0.795,strong
CCSS.MATH.5.NBT.B.7,"Add, subtract, multiply, and divide decimals to hundredths, using concrete models or drawings and strategies based on place value, properties of operations, and/or the relationship between addition and subtraction; relate the strategy to a written method and explain the reasoning used.",30,0.73197,0.794,strong
CCSS.MATH.5.NF.A.1,"Add and subtract fractions with unlike denominators (including mixed numbers) by replacing given fractions with equivalent fractions in such a way as to produce an equivalent sum or difference of fractions with like denominators. For example, 2/3 + 5/4 = 8/12+ 15/12 = 23/12. (In general, a/b + c/d = (ad + bc)/bd)",0,0,0,none
CCSS.MATH.5.NF.A.2,"Solve word problems involving addition and subtraction of fractions referring to the same whole, including cases of unlike denominators, e.g., by using visual fraction models or equations to represent the problem. Use benchmark fractions and number sense of fractions to estimate mentally and assess the reasonableness of answers. For example, recognize an incorrect result 2/5 + 1/2 = 3/7 by observing that 3/7 < 1/2.",54,0.7317407407407408,0.7818,strong
CCSS.MATH.5.NF.B.3,"Interpret a fraction as division of the numerator by the denominator (a/b = a ÷ b). Solve word problems involving division of whole numbers leading to answers in the form of fractions or mixed numbers, e.g., by using visual fraction models or equations to represent the problem. For example, interpret 3/4 as the result of dividing 3 by 4, noting that 3/4 multiplied by 4 equals 3 and that when 3 wholes are shared equally among 4 people each person has a share of size 3/4. If 9 people want to share a 50-pound sack of rice equally by weight, how many pounds of rice should each person get? Between what two whole numbers does your answer lie?",15,0.7683800000000001,0.8078000000000001,strong
CCSS.MATH.5.NF.B.4,Apply and extend previous understandings of multiplication to multiply a fraction or whole number by a fraction.,15,0.7668733333333333,0.8088,strong
CCSS.MATH.5.NF.B.5,Interpret multiplication as scaling (resizing) by:,1,0.6643,0.6643,weak
CCSS.MATH.5.NF.B.6,"Solve real world problems involving multiplication of fractions and mixed numbers, e.g., by using visual fraction models or equations to represent the problem",0,0,0,none
CCSS.MATH.5.NF.B.7,"Apply and extend previous understandings of division to divide unit fractions by whole numbers and whole numbers by unit fractions. (Students able to multiply fractions in general can develop strategies to divide fractions in general, by reasoning about the relationship between multiplication and division. But division of a fraction by a fraction is not a requirement at this grade.)",69,0.7561855072463768,0.8365,strong
CCSS.MATH.5.OA.A.1,"Use parentheses, brackets, or braces in numerical expressions, and evaluate expressions with these symbols.",0,0,0,none
CCSS.MATH.5.OA.A.2,"Write simple expressions that record calculations with numbers, and interpret numerical expressions without evaluating them. For example, express the calculation ""add 8 and 7, then multiply by 2"" as 2 × (8 + 7). Recognize that 3 × (18932 + 921) is three times as large as 18932 + 921, without having to calculate the indicated sum or product.",15,0.713,0.7774,strong
CCSS.MATH.5.OA.B.3,"Generate two numerical patterns using two given rules. Identify apparent relationships between corresponding terms. Form ordered pairs consisting of corresponding terms from the two patterns, and graph the ordered pairs on a coordinate plane. For example, given the rule ""Add 3"" and the starting number 0, and given the rule ""Add 6"" and the starting number 0, generate terms in the resulting sequences, and observe that the terms in one sequence are twice the corresponding terms in the other sequence. Explain informally why this is so.",1,0.6625,0.6625,weak
CCSS.MATH.6.EE.1,Write and evaluate numerical expressions involving whole-number exponents.,8,0.866775,0.95,strong
CCSS.MATH.6.EE.2,"Write, read, and evaluate expressions in which letters stand for numbers.",4,0.95,0.95,strong
CCSS.MATH.6.EE.3,"Apply the properties of operations to generate equivalent expressions. For example, apply the distributive property to the expression 3(2 + x) to produce the equivalent expression 6 + 3x; apply the distributive property to the expression 24x + 18y to produce the equivalent expression 6 (4x + 3y); apply properties of operations to y + y + y to produce the equivalent expression 3y.",14,0.7442214285714286,0.95,strong
CCSS.MATH.6.EE.4,"Identify when two expressions are equivalent (i.e., when the two expressions name the same number regardless of which value is substituted into them). For example, the expressions y + y + y and 3y are equivalent because they name the same number regardless of which number y stands for.",8,0.789,0.95,strong
CCSS.MATH.6.EE.5,"Understand solving an equation or inequality as a process of answering a question: which values from a specified set, if any, make the equation or inequality true? Use substitution to determine whether a given number in a specified set makes an equation or inequality true.",40,0.7276975,0.95,strong
CCSS.MATH.6.EE.6,"Use variables to represent numbers and write expressions when solving a real-world or mathematical problem; understand that a variable can represent an unknown number, or, depending on the purpose at hand, any number in a specified set.",19,0.7553157894736842,0.95,strong
CCSS.MATH.6.EE.7,"Solve real-world and mathematical problems by writing and solving equations of the form x + p = q and px = q for cases in which p, q and x are all non-negative rational numbers.",11,0.7931454545454546,0.95,strong
CCSS.MATH.6.EE.8,Write an inequality of the form x > c or x < c to represent a constraint or condition in a real-world or mathematical problem. Recognize that inequalities of the form x > c or x < c have infinitely many solutions; represent solutions of such inequalities on number line diagrams.,6,0.7477166666666667,0.95,strong
CCSS.MATH.6.EE.9,"Use variables to represent two quantities in a real-world problem that change in relationship to one another; write an equation to express one quantity, thought of as the dependent variable, in terms of the other quantity, thought of as the independent variable. Analyze the relationship between the dependent and independent variables using graphs and tables, and relate these to the equation. For example, in a problem involving motion at constant speed, list and graph ordered pairs of distances and times, and write the equation d = 65t to represent the relationship between distance and time.",29,0.7195103448275862,0.95,strong
CCSS.MATH.6.G.1,"Find area of right triangles, other triangles, special quadrilaterals, and polygons by composing into rectangles or decomposing into triangles and other shapes; apply these techniques in the context of solving real-world and mathematical problems.",49,0.7461591836734693,0.95,strong
CCSS.MATH.6.G.2,"Find the volume of a right rectangular prism with fractional edge lengths by packing it with unit cubes of the appropriate unit fraction edge lengths, and show that the volume is the same as would be found by multiplying the edge lengths of the prism. Apply the formulas V = lwh and V = Bh to find volumes of right rectangular prisms with fractional edge lengths in the context of solving real-world and mathematical problems.",5,0.7938799999999999,0.95,strong
CCSS.MATH.6.G.3,Draw polygons in the coordinate plane given coordinates for the vertices; use coordinates to find the length of a side joining points with the same first coordinate or the same second coordinate. Apply these techniques in the context of solving real-world and mathematical problems.,16,0.72601875,0.8021,strong
CCSS.MATH.6.G.4,"Represent three-dimensional figures using nets made up of rectangles and triangles, and use the nets to find the surface area of these figures. Apply these techniques in the context of solving real-world and mathematical problems.",31,0.740632258064516,0.95,strong
CCSS.MATH.6.NS.1,"Interpret and compute quotients of fractions, and solve word problems involving division of fractions by fractions, e.g., by using visual fraction models and equations to represent the problem. For example, create a story context for (2/3) ÷ (3/4) and use a visual fraction model to show the quotient; use the relationship between multiplication and division to explain that (2/3) ÷ (3/4) = 8/9 because 3/4 of 8/9 is 2/3. (In general, a/b ÷ c/d = ad/bc. How much chocolate will each person get if 3 people share 1/2 lb of chocolate equally? How many 3/4-cup servings are in 2/3 of a cup of yogurt? How wide is a rectangular strip of land with length 3/4 mi and area 1/2 square mi?",141,0.7336170212765958,0.95,strong
CCSS.MATH.6.NS.2,Fluently divide multi-digit numbers using the standard algorithm.,4,0.95,0.95,strong
CCSS.MATH.6.NS.3,"Fluently add, subtract, multiply, and divide multi-digit decimals using the standard algorithm for each operation.",11,0.8969545454545454,0.95,strong
CCSS.MATH.6.NS.4,"Find the greatest common factor of two whole numbers less than or equal to 100 and the least common multiple of two whole numbers less than or equal to 12. Use the distributive property to express a sum of two whole numbers 1–100 with a common factor as a multiple of a sum of two whole numbers with no common factor. For example, express 36 + 8 as 4 (9 + 2).",4,0.71175,0.7766,strong
CCSS.MATH.6.NS.5,"Understand that positive and negative numbers are used together to describe quantities having opposite directions or values (e.g., temperature above/below zero, elevation above/below sea level, debits/credits, positive/negative electric charge); use positive and negative numbers to represent quantities in real-world contexts, explaining the meaning of 0 in each situation.",13,0.7448461538461538,0.8039000000000001,strong
CCSS.MATH.6.NS.6,Extend number line diagrams and coordinate axes familiar from previous grades to represent points on the line and in the plane with negative number coordinates.,24,0.7352416666666667,0.95,strong
CCSS.MATH.6.NS.7,Understand ordering and absolute value of rational numbers.,3,0.9499999999999998,0.95,strong
CCSS.MATH.6.NS.8,Solve real-world and mathematical problems by graphing points in all four quadrants of the coordinate plane. Include use of coordinates and absolute value to find distances between points with the same first coordinate or the same second coordinate.,11,0.7236272727272728,0.95,strong
CCSS.MATH.6.RP.1,"Understand the concept of a ratio and use ratio language to describe a ratio relationship between two quantities. For example, ""The ratio of wings to beaks in the bird house at the zoo was 2:1, because for every 2 wings there was 1 beak."" ""For every vote candidate A received, candidate C received nearly three votes.""",11,0.7711909090909091,0.95,strong
CCSS.MATH.6.RP.2,"Understand the concept of a unit rate a/b associated with a ratio a:b with b ≠ 0 (b not equal to zero), and use rate language in the context of a ratio relationship. For example, ""This recipe has a ratio of 3 cups of flour to 4 cups of sugar, so there is 3/4 cup of flour for each cup of sugar."" ""We paid $75 for 15 hamburgers, which is a rate of $5 per hamburger."" (Expectations for unit rates in this grade are limited to non-complex fractions.)",16,0.7297875,0.95,strong
CCSS.MATH.6.RP.3,"Use ratio and rate reasoning to solve real-world and mathematical problems, e.g., by reasoning about tables of equivalent ratios, tape diagrams, double number line diagrams, or equations.",110,0.7322718181818181,0.95,strong
CCSS.MATH.6.SP.1,"Recognize a statistical question as one that anticipates variability in the data related to the question and accounts for it in the answers. For example, ""How old am I?"" is not a statistical question, but ""How old are the students in my school?"" is a statistical question because one anticipates variability in students' ages.",15,0.7242266666666667,0.95,strong
CCSS.MATH.6.SP.2,"Understand that a set of data collected to answer a statistical question has a distribution which can be described by its center, spread, and overall shape.",8,0.7091375,0.95,strong
CCSS.MATH.6.SP.3,"Recognize that a measure of center for a numerical data set summarizes all of its values with a single number, while a measure of variation describes how its values vary with a single number",3,0.6645,0.6728,strong
CCSS.MATH.6.SP.4,"Display numerical data in plots on a number line, including dot plots, histograms, and box plots.",8,0.752275,0.95,strong
CCSS.MATH.6.SP.5,"Summarize numerical data sets in relation to their context, such as by:",12,0.9499999999999998,0.95,strong
CCSS.MATH.7.EE.1,"Apply properties of operations as strategies to add, subtract, factor, and expand linear expressions with rational coefficients.",7,0.9120142857142858,0.95,strong
CCSS.MATH.7.EE.2,"Understand that rewriting an expression in different forms in a problem context can shed light on the problem and how the quantities in it are related. For example, a + 0.05a = 1.05a means that ""increase by 5%"" is the same as ""multiply by 1.05.""",80,0.7217575,0.7901,strong
CCSS.MATH.7.EE.3,"Solve multi-step real-life and mathematical problems posed with positive and negative rational numbers in any form (whole numbers, fractions, and decimals), using tools strategically; apply properties of operations to calculate with numbers in any form; convert between forms as appropriate; and assess the reasonableness of answers using mental computation and estimation strategies. For example: If a woman making $25 an hour gets a 10% raise, she will make an additional 1/10 of her salary an hour, or $2.50, for a new salary of $27.50. If you want to place a towel bar 9¾ inches long in the center of a door that is 27½ inches wide, you will need to place the bar about 9 inches from each edge; this estimate can be used as a check on the exact computation.",60,0.7441966666666667,0.95,strong
CCSS.MATH.7.EE.4,"Use variables to represent quantities in a real-world or mathematical problem, and construct simple equations and inequalities to solve problems by reasoning about the quantities.",31,0.7856322580645161,0.95,strong
CCSS.MATH.7.G.1,"Solve problems involving scale drawings of geometric figures, including computing actual lengths and areas from a scale drawing and reproducing a scale drawing at a different scale.",31,0.7986806451612903,0.95,strong
CCSS.MATH.7.G.2,"Draw (freehand, with ruler and protractor, and with technology) geometric shapes with given conditions. Focus on constructing (drawing?) triangles from three measures of angles or sides, noticing when the conditions determine a unique triangle, more than one triangle, or no triangle.",69,0.7259130434782609,0.95,strong
CCSS.MATH.7.G.3,"Describe the two-dimensional figures that result from slicing three-dimensional figures, as in plane sections of right rectangular prisms and right rectangular pyramids.",9,0.6897,0.7679,strong
CCSS.MATH.7.G.4,Know the formulas for the area and circumference of a circle and use them to solve problems; give an informal derivation of the relationship between the circumference and area of a circle.,24,0.7345083333333333,0.95,strong
CCSS.MATH.7.G.5,"Use facts about supplementary, complementary, vertical, and adjacent angles in a multi-step problem to write and solve simple equations for an unknown angle in a figure.",70,0.6969742857142857,0.8045,strong
CCSS.MATH.7.G.6,"Solve real-world and mathematical problems involving area, volume and surface area of two- and three-dimensional objects composed of triangles, quadrilaterals, polygons, cubes, and right prisms.",22,0.7833863636363637,0.95,strong
CCSS.MATH.7.NS.1,"Apply and extend previous understandings of addition and subtraction to add and subtract rational numbers, and represent addition and subtraction on a horizontal or vertical number line diagram.",31,0.7312709677419355,0.95,strong
CCSS.MATH.7.NS.2,Apply and extend previous understandings of multiplication and division and of fractions to multiply and divide rational number.,61,0.7641311475409837,0.95,strong
CCSS.MATH.7.NS.3,Solve real-world and mathematical problems involving the four operations with rational numbers. (Note: Computations with rational numbers extend the rules for manipulating fractions to complex fractions.),10,0.88604,0.95,strong
CCSS.MATH.7.RP.1,"Compute unit rates associated with ratios of fractions, including ratios of lengths, areas and other quantities measured in like and or different units. For example, if a person walks 1/2 mile in each 1/4 hour, compute the unit rate as the complex fraction 1214 miles per hour, equivalently 2 miles per hour.",15,0.74578,0.95,strong
CCSS.MATH.7.RP.2,Recognize and represent proportional relationships between quantities.,24,0.9061666666666666,0.95,strong
CCSS.MATH.7.RP.3,"Use proportional relationships to solve multistep ratio and percent problems. Examples: simple interest, tax, markups and markdowns, gratuities and commissions, fees, percent increase and decrease, percent error.",25,0.852368,0.95,strong
CCSS.MATH.7.SP.1,Understand that statistics can be used to gain information about a population by examining a sample of the population; generalizations about a population from a sample are valid only if the sample is representative of that population. Understand that random sampling tends to produce representative samples and support valid inferences.,15,0.7431266666666667,0.95,strong
CCSS.MATH.7.SP.2,"Use data from a random sample to draw inferences about a population with an unknown characteristic of interest. Generate multiple samples (or simulated samples) of the same size to gauge the variation in estimates or predictions. For example, estimate the mean word length in a book by randomly sampling words from the book; predict the winner of a school election based on randomly sampled survey data. Gauge how far off the estimate or prediction might be.",54,0.6920814814814814,0.95,strong
CCSS.MATH.7.SP.3,"Informally assess the degree of visual overlap of two numerical data distributions with similar variabilities, measuring the difference between the centers by expressing it as a multiple of a measure of variability. For example, mean height of players on the basketball team is. 10 cm greater than mean height of players on the soccer team, about twice the variability (mean absolute deviation) on either team; on a dot plot, the separation between the two distributions of heights is noticeable",87,0.6824206896551723,0.7984,strong
CCSS.MATH.7.SP.4,"Use measures of center and measures of variability for numerical data from random samples to draw informal comparative inferences about two populations. For example, decide whether the words in a chapter of a seventh-grade science book are generally longer than the words in a chapter of a fourth-grade science book.",288,0.6919395833333334,0.95,strong
CCSS.MATH.7.SP.5,"Understand that the probability of a chance event is a number between 0 and 1 that expresses the likelihood of the event occurring. Larger numbers indicate greater likelihood. A probability near 0 indicates an unlikely event, a probability around ½ indicates an event that is neither unlikely nor likely, and a probability near 1 indicates a likely event.",31,0.6833290322580645,0.7755000000000001,strong
CCSS.MATH.7.SP.6,"Approximate the probability of a chance event by collecting data on the chance process that produces it and observing its long-run relative frequency, and predict the approximate relative frequency given the probability. For example, when rolling a number cube 600 times, predict that a 3 or 6 would be rolled roughly 200 times, but probably not exactly 200 times.",94,0.6876989361702127,0.95,strong
CCSS.MATH.7.SP.7,"Develop a probability model and use it to find probabilities of events; compare probabilities from a model to observed frequencies; and if the agreement is not good, explain possible sources of the discrepancy.",28,0.70475,0.95,strong
CCSS.MATH.7.SP.8,"Find probabilities of compound events using organized lists, tables, tree diagrams, and simulation.",11,0.8029363636363637,0.95,strong
CCSS.MATH.8.EE.1,"Know and apply the properties of integer exponents to generate equivalent numerical expressions. For example, 3² × 3<sup>-5</sup> = 3<sup>-3</sup> = 1/3³ = 1/27",20,0.71334,0.95,strong
CCSS.MATH.8.EE.2,"Use square root and cube root symbols to represent solutions to equations of the form x² = p and x³ = p, where p is a positive rational number. Evaluate square roots of small perfect squares and cube roots of small perfect cubes. Know that √2 is irrational.",8,0.7883,0.95,strong
CCSS.MATH.8.EE.3,"Use numbers expressed in the form of a single digit times an integer power of 10 to estimate very large or very small quantities, and to express how many times as much one is than the other. For example, estimate the population of the United States as 3 × 10<sup>8</sup> and the population of the world as 7 × 10<sup>9</sup>, and determine that the world population is more than 20 times larger.",44,0.685,0.7873,strong
CCSS.MATH.8.EE.4,"Perform operations with numbers expressed in scientific notation, including problems where both decimal and scientific notation are used. Use scientific notation and choose units of appropriate size for measurements of very large or very small quantities (e.g., use millimeters per year for seafloor spreading). Interpret scientific notation that has been generated by technology.",12,0.7861250000000001,0.95,strong
CCSS.MATH.8.EE.5,"Graph proportional relationships, interpreting the unit rate as the slope of the graph. Compare two different proportional relationships represented in different ways. For example, compare a distance-time graph to a distance-time equation to determine which of two moving objects has greater speed.",33,0.7141757575757576,0.95,strong
CCSS.MATH.8.EE.6,"Use similar triangles to explain why the slope m is the same between any two distinct points on a non-vertical line in the coordinate plane; derive the equation y = mx for a line through the origin, and the equation y = mx + b for a line intercepting the vertical axis at b.",10,0.8591899999999999,0.95,strong
CCSS.MATH.8.EE.7,Solve linear equations in one variable,8,0.9225625,0.95,strong
CCSS.MATH.8.EE.8,Analyze and solve pairs of simultaneous linear equations,9,0.9499999999999998,0.95,strong
CCSS.MATH.8.F.1,Understand that a function is a rule that assigns to each input exactly one output. The graph of a function is the set of ordered pairs consisting of an input and the corresponding output (function notation is not required in Grade 8).,10,0.81917,0.95,strong
CCSS.MATH.8.F.2,"Compare properties of two functions each represented in a different way (algebraically, graphically, numerically in tables, or by verbal descriptions). For example, given a linear function represented by a table of values and a linear function represented by an algebraic expression, determine which function has the greater rate of change.",1,0.6981,0.6981,weak
CCSS.MATH.8.F.3,"Interpret the equation y = mx + b as defining a linear function, whose graph is a straight line; give examples of functions that are not linear. For example, the function A= S² giving the area of a square as a function of its side length is not linear because its graph contains the points (1, 1), (2, 4) and (3, 9), which are not on a straight line.",6,0.8003333333333332,0.95,strong
CCSS.MATH.8.F.4,"Construct a function to model a linear relationship between two quantities. Determine the rate of change and initial value of the function from a description of a relationship or from two (x, y) values, including reading these from a table or from a graph. Interpret the rate of change and initial value of a linear function in terms of the situation it models, and in terms of its graph or a table of values.",6,0.7836333333333334,0.95,strong
CCSS.MATH.8.F.5,"Describe qualitatively the functional relationship between two quantities by analyzing a graph (e.g., where the function is increasing or decreasing, linear or nonlinear). Sketch a graph that exhibits the qualitative features of a function that has been described verbally.",8,0.7590375,0.95,strong
CCSS.MATH.8.G.1,"Verify experimentally the properties of rotations, reflections, and translations.",9,0.9204111111111111,0.95,strong
CCSS.MATH.8.G.2,"Understand that a two-dimensional figure is congruent to another if the second can be obtained from the first by a sequence of rotations, reflections, and translations; given two congruent figures, describe a sequence that exhibits the congruence between them.",5,0.76476,0.95,strong
CCSS.MATH.8.G.3,"Describe the effect of dilations, translations, rotations, and reflections on two-dimensional figures using coordinates.",9,0.7729222222222222,0.95,strong
CCSS.MATH.8.G.4,"Understand that a two-dimensional figure is similar to another if the second can be obtained from the first by a sequence of rotations, reflections, translations, and dilations; given two similar two-dimensional figures, describe a sequence that exhibits the similarity between them.",3,0.8781666666666667,0.95,strong
CCSS.MATH.8.G.5,"Use informal arguments to establish facts about the angle sum and exterior angle of triangles, about the angles created when parallel lines are cut by a transversal, and the angle-angle criterion for similarity of triangles. For example, arrange three copies of the same triangle so that the sum of the three angles appears to form a line, and give an argument in terms of transversals why this is so.",32,0.71955,0.95,strong
CCSS.MATH.8.G.6,Explain a proof of the Pythagorean Theorem and its converse.,11,0.7216454545454546,0.95,strong
CCSS.MATH.8.G.7,Apply the Pythagorean Theorem to determine unknown side lengths in right triangles in real-world and mathematical problems in two and three dimensions.,7,0.7949999999999999,0.95,strong
CCSS.MATH.8.G.8,Apply the Pythagorean Theorem to find the distance between two points in a coordinate system.,6,0.6846833333333334,0.7739,strong
CCSS.MATH.8.G.9,"Know the formulas for the volumes of cones, cylinders, and spheres and use them to solve real-world and mathematical problems.",19,0.7306473684210527,0.95,strong
CCSS.MATH.8.NS.1,"Know that numbers that are not rational are called irrational. Understand informally that every number has a decimal expansion; for rational numbers show that the decimal expansion repeats eventually, and convert a decimal expansion which repeats eventually into a rational number.",2,0.82585,0.95,weak
CCSS.MATH.8.NS.2,"Use rational approximations of irrational numbers to compare the size of irrational numbers, locate them approximately on a number line diagram, and estimate the value of expressions (e.g., π²). For example, by truncating the decimal expansion of √2 , show that √2 is between 1 and 2, then between 1.4 and 1.5, and explain how to continue on to get better approximations.",37,0.692372972972973,0.95,strong
CCSS.MATH.8.SP.1,"Construct and interpret scatter plots for bivariate measurement data to investigate patterns of association between two quantities. Describe patterns such as clustering, outliers, positive or negative association, linear association, and nonlinear association.",25,0.720968,0.95,strong
CCSS.MATH.8.SP.2,"Know that straight lines are widely used to model relationships between two quantitative variables. For scatter plots that suggest a linear association, informally fit a straight line, and informally assess the model fit by judging the closeness of the data points to the line.",34,0.7198,0.95,strong
CCSS.MATH.8.SP.3,"Use the equation of a linear model to solve problems in the context of bivariate measurement data, interpreting the slope and intercept. For example, in a linear model for a biology experiment, interpret a slope of 1.5 cm/hr as meaning that an additional hour of sunlight each day is associated with an additional 1.5 cm in mature plant height.",13,0.7184461538461538,0.7839,strong
CCSS.MATH.8.SP.4,"Understand that patterns of association can also be seen in bivariate categorical data by displaying frequencies and relative frequencies in a two-way table. Construct and interpret a two-way table summarizing data on two categorical variables collected from the same subjects. Use relative frequencies calculated for rows or columns to describe possible association between the two variables. For example, collect data from students in your class on whether or not they have a curfew on school nights and whether or not they have assigned chores at home. Is there evidence that those who have a curfew also tend to have chores?",28,0.6957464285714285,0.7987000000000001,strong
CCSS.MATH.HSA.APR.A.1,"Understand that polynomials form a system analogous to the integers, namely, they are closed under the operations of addition, subtraction, and multiplication; add, subtract, and multiply polynomials.",0,0,0,none
CCSS.MATH.HSA.APR.B.2,"Know and apply the Remainder Theorem: For a polynomial <em>p(x)</em> and a number <em>a</em>, the remainder on division by <em>x - a</em> is <em>p(a)</em>, so <em>p(a) = 0</em> if and only if <em>(x - a)</em> is a factor of <em>p(x)</em>.",0,0,0,none
CCSS.MATH.HSA.APR.B.3,"Identify zeros of polynomials when suitable factorizations are available, and use the zeros to construct a rough graph of the function defined by the polynomial.",0,0,0,none
CCSS.MATH.HSA.APR.C.4,Prove polynomial identities and use them to describe numerical relationships.,0,0,0,none
CCSS.MATH.HSA.APR.D.6,"Rewrite simple rational expressions in different forms; write <em>a(x)/b(x)</em> in the form <em>q(x) + r(x)/b(x)</em>, where <em>a(x), b(x), q(x)</em>, and <em>r(x)</em> are polynomials with the degree of <em>r(x)</em> less than the degree of <em>b(x)</em>, using inspection, long division, or, for the more complicated examples, a computer algebra system.",0,0,0,none
CCSS.MATH.HSA.CED.A.1,"Create equations and inequalities in one variable and use them to solve problems. Include equations arising from linear and quadratic functions, and simple rational and exponential functions.",1,0.6523,0.6523,weak
CCSS.MATH.HSA.CED.A.2,Create equations in two or more variables to represent relationships between quantities; graph equations on coordinate axes with labels and scales.,3,0.7078666666666668,0.7275,strong
CCSS.MATH.HSA.CED.A.3,"Represent constraints by equations or inequalities, and by systems of equations and/or inequalities, and interpret solutions as viable or nonviable options in a modeling context.",0,0,0,none
CCSS.MATH.HSA.CED.A.4,"Rearrange formulas to highlight a quantity of interest, using the same reasoning as in solving equations.",2,0.6675,0.6772,weak
CCSS.MATH.HSA.REI.A.1,"Explain each step in solving a simple equation as following from the equality of numbers asserted at the previous step, starting from the assumption that the original equation has a solution. Construct a viable argument to justify a solution method.",7,0.6925142857142857,0.7212000000000001,strong
CCSS.MATH.HSA.REI.A.2,"Solve simple rational and radical equations in one variable, and give examples showing how extraneous solutions may arise.",0,0,0,none
CCSS.MATH.HSA.REI.B.3,"Solve linear equations and inequalities in one variable, including equations with coefficients represented by letters.",1,0.7501,0.7501,weak
CCSS.MATH.HSA.REI.B.4,Solve quadratic equations in one variable.,0,0,0,none
CCSS.MATH.HSA.REI.C.5,"Prove that, given a system of two equations in two variables, replacing one equation by the sum of that equation and a multiple of the other produces a system with the same solutions.",0,0,0,none
CCSS.MATH.HSA.REI.C.6,"Solve systems of linear equations exactly and approximately (e.g., with graphs), focusing on pairs of linear equations in two variables.",2,0.7303,0.7327,weak
CCSS.MATH.HSA.REI.C.7,Solve a simple system consisting of a linear equation and a quadratic equation in two variables algebraically and graphically.,2,0.7014,0.7319,weak
CCSS.MATH.HSA.REI.D.10,"Understand that the graph of an equation in two variables is the set of all its solutions plotted in the coordinate plane, often forming a curve (which could be a line).",12,0.6984416666666666,0.7517,strong
CCSS.MATH.HSA.REI.D.11,"Explain why the <em>x</em>-coordinates of the points where the graphs of the equations <em>y = f(x)</em> and <em>y = g(x)</em> intersect are the solutions of the equation <em>f(x) = g(x)</em>; find the solutions approximately, e.g., using technology to graph the functions, make tables of values, or find successive approximations. Include cases where <em>f(x)</em> and/or <em>g(x)</em> are linear, polynomial, rational, absolute value, exponential, and logarithmic functions.",1,0.7165,0.7165,weak
CCSS.MATH.HSA.REI.D.12,"Graph the solutions to a linear inequality in two variables as a half-plane (excluding the boundary in the case of a strict inequality), and graph the solution set to a system of linear inequalities in two variables as the intersection of the corresponding half-planes.",0,0,0,none
CCSS.MATH.HSA.SSE.A.1,Interpret expressions that represent a quantity in terms of its context.,6,0.6897166666666666,0.7322,strong
CCSS.MATH.HSA.SSE.A.2,Use the structure of an expression to identify ways to rewrite it.,0,0,0,none
CCSS.MATH.HSA.SSE.B.3,Choose and produce an equivalent form of an expression to reveal and explain properties of the quantity represented by the expression.,6,0.6733666666666668,0.6967,strong
CCSS.MATH.HSA.SSE.B.4,"Derive the formula for the sum of a finite geometric series (when the common ratio is not 1), and use the formula to solve problems.",0,0,0,none
CCSS.MATH.HSF.BF.A.1,Write a function that describes a relationship between two quantities.,1,0.6904,0.6904,weak
CCSS.MATH.HSF.BF.A.2,"Write arithmetic and geometric sequences both recursively and with an explicit formula, use them to model situations, and translate between the two forms.",2,0.69705,0.7205,weak
CCSS.MATH.HSF.BF.B.3,"Identify the effect on the graph of replacing <em>f(x)</em> by <em>f(x) + k, kf(x), f(kx),</em> and <em>f(x + k)</em> for specific values of k (both positive and negative); find the value of k given the graphs. Experiment with cases and illustrate an explanation of the effects on the graph using technology. Include recognizing even and odd functions from their graphs and algebraic expressions for them.",0,0,0,none
CCSS.MATH.HSF.BF.B.4,Find inverse functions.,0,0,0,none
CCSS.MATH.HSF.IF.A.1,"Understand that a function from one set (called the domain) to another set (called the range) assigns to each element of the domain exactly one element of the range. If <em>f</em> is a function and <em>x</em> is an element of its domain, then <em>f(x)</em> denotes the output of <em>f</em> corresponding to the input <em>x</em>. The graph of <em>f</em> is the graph of the equation <em>y = f(x)</em>.",0,0,0,none
CCSS.MATH.HSF.IF.A.2,"Use function notation, evaluate functions for inputs in their domains, and interpret statements that use function notation in terms of a context.",0,0,0,none
CCSS.MATH.HSF.IF.A.3,"Recognize that sequences are functions, sometimes defined recursively, whose domain is a subset of the integers. For example, the Fibonacci sequence is defined recursively by <em>f(0) = f(1) = 1, f(n + 1) = f(n) + f(n - 1)</em> for <em>n ≥ 1</em>.",0,0,0,none
CCSS.MATH.HSF.IF.B.4,"For a function that models a relationship between two quantities, interpret key features of graphs and tables in terms of the quantities, and sketch graphs showing key features given a verbal description of the relationship. Key features include: intercepts; intervals where the function is increasing, decreasing, positive, or negative; relative maximums and minimums; symmetries; end behavior; and periodicity.",23,0.692204347826087,0.7384000000000001,strong
CCSS.MATH.HSF.IF.B.5,"Relate the domain of a function to its graph and, where applicable, to the quantitative relationship it describes.",2,0.7065,0.7216,weak
CCSS.MATH.HSF.IF.B.6,Calculate and interpret the average rate of change of a function (presented symbolically or as a table) over a specified interval. Estimate the rate of change from a graph.,28,0.6836785714285715,0.7498,strong
CCSS.MATH.HSF.IF.C.7,"Graph functions expressed symbolically and show key features of the graph, by hand in simple cases and using technology for more complicated cases.",6,0.69625,0.7348,strong
CCSS.MATH.HSF.IF.C.8,Write a function defined by an expression in different but equivalent forms to reveal and explain different properties of the function.,0,0,0,none
CCSS.MATH.HSF.IF.C.9,"Compare properties of two functions each represented in a different way (algebraically, graphically, numerically in tables, or by verbal descriptions).",0,0,0,none
CCSS.MATH.HSF.LE.A.1,Distinguish between situations that can be modeled with linear functions and with exponential functions.,2,0.6738999999999999,0.6955,weak
CCSS.MATH.HSF.LE.A.2,"Construct linear and exponential functions, including arithmetic and geometric sequences, given a graph, a description of a relationship, or two input-output pairs (include reading these from a table).",1,0.6813,0.6813,weak
CCSS.MATH.HSF.LE.A.3,"Observe using graphs and tables that a quantity increasing exponentially eventually exceeds a quantity increasing linearly, quadratically, or (more generally) as a polynomial function.",1,0.7302,0.7302,weak
CCSS.MATH.HSF.LE.A.4,"For exponential models, express as a logarithm the solution to <em>ab<sup>ct</sup> = d</em> where <em>a, c,</em> and <em>d</em> are numbers and the base <em>b</em> is 2, 10, or <em>e</em>; evaluate the logarithm using technology.",11,0.6735818181818182,0.7375,strong
CCSS.MATH.HSF.LE.B.5,Interpret the parameters in a linear or exponential function in terms of a context.,1,0.6555,0.6555,weak
CCSS.MATH.HSF.TF.A.1,Understand radian measure of an angle as the length of the arc on the unit circle subtended by the angle.,0,0,0,none
CCSS.MATH.HSF.TF.A.2,"Explain how the unit circle in the coordinate plane enables the extension of trigonometric functions to all real numbers, interpreted as radian measures of angles traversed counterclockwise around the unit circle.",0,0,0,none
CCSS.MATH.HSF.TF.B.5,"Choose trigonometric functions to model periodic phenomena with specified amplitude, frequency, and midline.",1,0.6832,0.6832,weak
CCSS.MATH.HSF.TF.C.8,"Prove the Pythagorean identity sin²(θ) + cos²(θ) = 1 and use it to find sin(θ), cos(θ), or tan(θ) given sin(θ), cos(θ), or tan(θ) and the quadrant of the angle.",0,0,0,none
CCSS.MATH.HSG.C.A.1,Prove that all circles are similar.,0,0,0,none
CCSS.MATH.HSG.C.A.2,"Identify and describe relationships among inscribed angles, radii, and chords. Include the relationship between central, inscribed, and circumscribed angles; inscribed angles on a diameter are right angles; the radius of a circle is perpendicular to the tangent where the radius intersects the circle.",0,0,0,none
CCSS.MATH.HSG.C.A.3,"Construct the inscribed and circumscribed circles of a triangle, and prove properties of angles for a quadrilateral inscribed in a circle.",0,0,0,none
CCSS.MATH.HSG.C.B.5,"Derive using similarity the fact that the length of the arc intercepted by an angle is proportional to the radius, and define the radian measure of the angle as the constant of proportionality; derive the formula for the area of a sector.",1,0.6543,0.6543,weak
CCSS.MATH.HSG.CO.A.1,"Know precise definitions of angle, circle, perpendicular line, parallel line, and line segment, based on the undefined notions of point, line, distance along a line, and distance around a circular arc.",0,0,0,none
CCSS.MATH.HSG.CO.A.2,"Represent transformations in the plane using, e.g., transparencies and geometry software; describe transformations as functions that take points in the plane as inputs and give other points as outputs. Compare transformations that preserve distance and angle to those that do not (e.g., translation versus horizontal stretch).",2,0.70725,0.7444000000000001,weak
CCSS.MATH.HSG.CO.A.3,"Given a rectangle, parallelogram, trapezoid, or regular polygon, describe the rotations and reflections that carry it onto itself.",0,0,0,none
CCSS.MATH.HSG.CO.A.4,"Develop definitions of rotations, reflections, and translations in terms of angles, circles, perpendicular lines, parallel lines, and line segments.",1,0.6832,0.6832,weak
CCSS.MATH.HSG.CO.A.5,"Given a geometric figure and a rotation, reflection, or translation, draw the transformed figure using, e.g., graph paper, tracing paper, or geometry software. Specify a sequence of transformations that will carry a given figure onto another.",8,0.68665,0.7487,strong
CCSS.MATH.HSG.CO.B.6,"Use geometric descriptions of rigid motions to transform figures and to predict the effect of a given rigid motion on a given figure; given two figures, use the definition of congruence in terms of rigid motions to decide if they are congruent.",2,0.7134,0.7286,weak
CCSS.MATH.HSG.CO.B.7,Use the definition of congruence in terms of rigid motions to show that two triangles are congruent if and only if corresponding pairs of sides and corresponding pairs of angles are congruent.,1,0.7824,0.7824,weak
CCSS.MATH.HSG.CO.B.8,"Explain how the criteria for triangle congruence (ASA, SAS, and SSS) follow from the definition of congruence in terms of rigid motions.",1,0.7871,0.7871,weak
CCSS.MATH.HSG.CO.C.10,Prove theorems about triangles. Theorems include: measures of interior angles of a triangle sum to 180°; base angles of isosceles triangles are congruent; the segment joining midpoints of two sides of a triangle is parallel to the third side and half the length; the medians of a triangle meet at a point.,9,0.7149888888888889,0.7949,strong
CCSS.MATH.HSG.CO.C.11,"Prove theorems about parallelograms. Theorems include: opposite sides are congruent, opposite angles are congruent, the diagonals of a parallelogram bisect each other, and conversely, rectangles are parallelograms with congruent diagonals.",2,0.72325,0.7583,weak
CCSS.MATH.HSG.CO.C.9,"Prove theorems about lines and angles. Theorems include: vertical angles are congruent; when a transversal crosses parallel lines, alternate interior angles are congruent and corresponding angles are congruent; points on a perpendicular bisector of a line segment are exactly those equidistant from the segment's endpoints.",1,0.6965,0.6965,weak
CCSS.MATH.HSG.CO.D.12,"Make formal geometric constructions with a variety of tools and methods (compass and straightedge, string, reflective devices, paper folding, dynamic geometric software, etc.). Copying a segment; copying an angle; bisecting a segment; bisecting an angle; constructing perpendicular lines, including the perpendicular bisector of a line segment; and constructing a line parallel to a given line through a point not on the line.",0,0,0,none
CCSS.MATH.HSG.CO.D.13,"Construct an equilateral triangle, a square, and a regular hexagon inscribed in a circle.",0,0,0,none
CCSS.MATH.HSG.GMD.A.1,"Give an informal argument for the formulas for the circumference of a circle, area of a circle, volume of a cylinder, pyramid, and cone. Use dissection arguments, Cavalieri's principle, and informal limit arguments.",3,0.6708,0.682,strong
CCSS.MATH.HSG.GMD.A.3,"Use volume formulas for cylinders, pyramids, cones, and spheres to solve problems.",6,0.7278333333333333,0.7592,strong
CCSS.MATH.HSG.GMD.B.4,"Identify the shapes of two-dimensional cross-sections of three-dimensional objects, and identify three-dimensional objects generated by rotations of two-dimensional objects.",0,0,0,none
CCSS.MATH.HSG.GPE.A.1,Derive the equation of a circle of given center and radius using the Pythagorean Theorem; complete the square to find the center and radius of a circle given by an equation.,2,0.688,0.7242,weak
CCSS.MATH.HSG.GPE.A.2,Derive the equation of a parabola given a focus and directrix.,0,0,0,none
CCSS.MATH.HSG.GPE.B.4,Use coordinates to prove simple geometric theorems algebraically.,0,0,0,none
CCSS.MATH.HSG.GPE.B.5,"Prove the slope criteria for parallel and perpendicular lines and use them to solve geometric problems (e.g., find the equation of a line parallel or perpendicular to a given line that passes through a given point).",7,0.7035857142857144,0.7663,strong
CCSS.MATH.HSG.GPE.B.6,Find the point on a directed line segment between two given points that partitions the segment in a given ratio.,0,0,0,none
CCSS.MATH.HSG.GPE.B.7,"Use coordinates to compute perimeters of polygons and areas of triangles and rectangles, e.g., using the distance formula.",2,0.69545,0.7155,weak
CCSS.MATH.HSG.MG.A.1,"Use geometric shapes, their measures, and their properties to describe objects (e.g., modeling a tree trunk or a human torso as a cylinder).",6,0.6669333333333333,0.6918,strong
CCSS.MATH.HSG.MG.A.2,"Apply concepts of density based on area and volume in modeling situations (e.g., persons per square mile, BTUs per cubic foot).",10,0.6729,0.695,strong
CCSS.MATH.HSG.MG.A.3,"Apply geometric methods to solve design problems (e.g., designing an object or structure to satisfy physical constraints or minimize cost; working with typographic grid systems based on ratios).",1,0.6717,0.6717,weak
CCSS.MATH.HSG.SRT.A.1,Verify experimentally the properties of dilations given by a center and a scale factor.,3,0.7231,0.7321,strong
CCSS.MATH.HSG.SRT.A.2,"Given two figures, use the definition of similarity in terms of similarity transformations to decide if they are similar; explain using similarity transformations the meaning of similarity for triangles as the equality of all corresponding pairs of angles and the proportionality of all corresponding pairs of sides.",4,0.71765,0.7431,strong
CCSS.MATH.HSG.SRT.A.3,Use the properties of similarity transformations to establish the AA criterion for two triangles to be similar.,0,0,0,none
CCSS.MATH.HSG.SRT.B.4,"Prove theorems about triangles. Theorems include: a line parallel to one side of a triangle divides the other two proportionally, and conversely; the Pythagorean Theorem proved using triangle similarity.",2,0.7441,0.7581,weak
CCSS.MATH.HSG.SRT.B.5,Use congruence and similarity criteria for triangles to solve problems and to prove relationships in geometric figures.,0,0,0,none
CCSS.MATH.HSG.SRT.C.6,"Understand that by similarity, side ratios in right triangles are properties of the angles in the triangle, leading to definitions of trigonometric ratios for acute angles.",1,0.7225,0.7225,weak
CCSS.MATH.HSG.SRT.C.7,Explain and use the relationship between the sine and cosine of complementary angles.,1,0.6552,0.6552,weak
CCSS.MATH.HSG.SRT.C.8,Use trigonometric ratios and the Pythagorean Theorem to solve right triangles in applied problems.,1,0.6514,0.6514,weak
CCSS.MATH.HSN.CN.A.1,"Know there is a complex number <em>i</em> such that <em>i² =-1</em>, and every complex number has the form <em>a + bi</em> with <em>a</em> and <em>b</em> real.",0,0,0,none
CCSS.MATH.HSN.CN.A.2,"Use the relation <em>i² = -1</em> and the commutative, associative, and distributive properties to add, subtract, and multiply complex numbers.",0,0,0,none
CCSS.MATH.HSN.CN.C.7,Solve quadratic equations with real coefficients that have complex solutions.,0,0,0,none
CCSS.MATH.HSN.Q.A.1,Use units as a way to understand problems and to guide the solution of multi-step problems; choose and interpret units consistently in formulas; choose and interpret the scale and the origin in graphs and data displays.,14,0.7056571428571429,0.7778,strong
CCSS.MATH.HSN.Q.A.2,Define appropriate quantities for the purpose of descriptive modeling. Choose a level of accuracy appropriate to limitations on measurement when reporting quantities.,6,0.7107333333333333,0.7865000000000001,strong
CCSS.MATH.HSN.Q.A.3,Choose a level of accuracy appropriate to limitations on measurement when reporting quantities.,15,0.7038466666666667,0.8071,strong
CCSS.MATH.HSN.RN.A.1,"Explain how the definition of the meaning of rational exponents follows from extending the properties of integer exponents to those values, allowing for a notation for radicals in terms of rational exponents.",0,0,0,none
CCSS.MATH.HSN.RN.A.2,Rewrite expressions involving radicals and rational exponents using the properties of exponents.,1,0.6623,0.6623,weak
CCSS.MATH.HSN.RN.A.3,Explain why the sum or product of two rational numbers is rational; that the sum of a rational number and an irrational number is irrational; and that the product of a nonzero rational number and an irrational number is irrational.,0,0,0,none
CCSS.MATH.HSS.CP.A.1,"Describe events as subsets of a sample space (the set of outcomes) using characteristics (or categories) of the outcomes, or as unions, intersections, or complements of other events (""or,"" ""and,"" ""not"").",9,0.7071555555555555,0.7577,strong
CCSS.MATH.HSS.CP.A.2,"Understand that two events A and B are independent if the probability of A and B occurring together is the product of their probabilities, and use this characterization to determine if they are independent.",23,0.729904347826087,0.8611,strong
CCSS.MATH.HSS.CP.A.3,"Understand the conditional probability of <em>A</em> given <em>B</em> as <em>P(A</em> and <em>B)/P(B)</em>, and interpret independence of <em>A</em> and <em>B</em> as saying that the conditional probability of <em>A</em> given <em>B</em> is the same as the probability of <em>A</em>, and the conditional probability of <em>B</em> given <em>A</em> is the same as the probability of <em>B</em>.",18,0.6806388888888889,0.724,strong
CCSS.MATH.HSS.CP.A.4,Construct and interpret two-way frequency tables of data when two categories are associated with each object being classified. Use the two-way table as a sample space to decide if events are independent and to approximate conditional probabilities.,26,0.6916230769230769,0.8015,strong
CCSS.MATH.HSS.CP.A.5,Recognize and explain the concepts of conditional probability and independence in everyday language and everyday situations.,60,0.6884,0.7796,strong
CCSS.MATH.HSS.CP.B.6,"Find the conditional probability of <em>A</em> given <em>B</em> as the fraction of <em>B</em>'s outcomes that also belong to <em>A</em>, and interpret the answer in terms of the model.",12,0.6616416666666667,0.6897,strong
CCSS.MATH.HSS.CP.B.7,"Apply the Addition Rule, <em>P(A</em> or <em>B) = P(A) + P(B) - P(A</em> and <em>B</em>), and interpret the answer in terms of the model.",17,0.670464705882353,0.7225,strong
CCSS.MATH.HSS.IC.A.1,Understand statistics as a process for making inferences about population parameters based on a random sample from that population.,153,0.6974470588235294,0.8172,strong
CCSS.MATH.HSS.IC.A.2,"Decide if a specified model is consistent with results from a given data-generating process, e.g., using simulation.",0,0,0,none
CCSS.MATH.HSS.IC.B.3,"Recognize the purposes of and differences among sample surveys, experiments, and observational studies; explain how randomization relates to each.",36,0.6932861111111112,0.7825,strong
CCSS.MATH.HSS.IC.B.4,Use data from a sample survey to estimate a population mean or proportion; develop a margin of error through the use of simulation models for random sampling.,125,0.6999944,0.8021,strong
CCSS.MATH.HSS.IC.B.5,Use data from a randomized experiment to compare two treatments; use simulations to decide if differences between parameters are significant.,49,0.6838408163265307,0.7463,strong
CCSS.MATH.HSS.IC.B.6,Evaluate reports based on data.,1,0.6649,0.6649,weak
CCSS.MATH.HSS.ID.A.1,"Represent data with plots on the real number line (dot plots, histograms, and box plots).",9,0.7217555555555556,0.8076,strong
CCSS.MATH.HSS.ID.A.2,"Use statistics appropriate to the shape of the data distribution to compare center (median, mean) and spread (interquartile range, standard deviation) of two or more different data sets.",250,0.6971676,0.8245,strong
CCSS.MATH.HSS.ID.A.3,"Interpret differences in shape, center, and spread in the context of the data sets, accounting for possible effects of extreme data points (outliers).",22,0.7147272727272728,0.8183,strong
CCSS.MATH.HSS.ID.A.4,"Use the mean and standard deviation of a data set to fit it to a normal distribution and to estimate population percentages. Recognize that there are data sets for which such a procedure is not appropriate. Use calculators, spreadsheets, and tables to estimate areas under the normal curve.",189,0.6958835978835979,0.788,strong
CCSS.MATH.HSS.ID.B.5,"Summarize categorical data for two categories in two-way frequency tables. Interpret relative frequencies in the context of the data (including joint, marginal, and conditional relative frequencies). Recognize possible associations and trends in the data.",21,0.7032285714285714,0.7912,strong
CCSS.MATH.HSS.ID.B.6,"Represent data on two quantitative variables on a scatter plot, and describe how the variables are related.",19,0.690821052631579,0.7404,strong
CCSS.MATH.HSS.ID.C.7,Interpret the slope (rate of change) and the intercept (constant term) of a linear model in the context of the data.,9,0.7402,0.8094,strong
CCSS.MATH.HSS.ID.C.8,Compute (using technology) and interpret the correlation coefficient of a linear fit.,52,0.6955461538461538,0.7971,strong
CCSS.MATH.HSS.ID.C.9,Distinguish between correlation and causation.,5,0.68548,0.7143,strong
CCSS.MATH.K.CC.A.1,Count to 100 by ones and by tens.,0,0,0,none
CCSS.MATH.K.CC.A.2,Count forward beginning from a given number within the known sequence (instead of having to begin at 1).,0,0,0,none
CCSS.MATH.K.CC.A.3,Write numbers from 0 to 20. Represent a number of objects with a written numeral 0-20 (with 0 representing a count of no objects).,0,0,0,none
CCSS.MATH.K.CC.B.4,Understand the relationship between numbers and quantities; connect counting to cardinality.,0,0,0,none
CCSS.MATH.K.CC.B.5,"Count to answer ""how many?"" questions about as many as 20 things arranged in a line, a rectangular array, or a circle, or as many as 10 things in a scattered configuration; given a number from 1-20, count out that many objects.",0,0,0,none
CCSS.MATH.K.CC.C.6,"Identify whether the number of objects in one group is greater than, less than, or equal to the number of objects in another group, e.g., by using matching and counting strategies (Include groups with up to ten objects).",0,0,0,none
CCSS.MATH.K.CC.C.7,Compare two numbers between 1 and 10 presented as written numerals.,0,0,0,none
CCSS.MATH.K.G.A.1,"Describe objects in the environment using names of shapes, and describe the relative positions of these objects using terms such as above, below, beside, in front of, behind, and next to.",0,0,0,none
CCSS.MATH.K.G.A.2,Correctly name shapes regardless of their orientations or overall size.,0,0,0,none
CCSS.MATH.K.G.A.3,"Identify shapes as two-dimensional (lying in a plane, ""flat"") or three-dimensional (""solid"").",0,0,0,none
CCSS.MATH.K.G.B.4,"Analyze and compare two- and three-dimensional shapes, in different sizes and orientations, using informal language to describe their similarities, differences, parts (e.g., number of sides and vertices/""corners"") and other attributes (e.g., having sides of equal length).",0,0,0,none
CCSS.MATH.K.G.B.5,"Model shapes in the world by building shapes from components (e.g., sticks and clay balls) and drawing shapes.",0,0,0,none
CCSS.MATH.K.G.B.6,"Compose simple shapes to form larger shapes. For example, ""Can you join these two triangles with full sides touching to make a rectangle?""",0,0,0,none
CCSS.MATH.K.MD.A.1,"Describe measurable attributes of objects, such as length or weight. Describe several measurable attributes of a single object.",0,0,0,none
CCSS.MATH.K.MD.A.2,"Directly compare two objects with a measurable attribute in common, to see which object has ""more of""/""less of"" the attribute, and describe the difference. For example, directly compare the heights of two children and describe one child as taller/shorter.",0,0,0,none
CCSS.MATH.K.MD.B.3,Classify objects into given categories; count the number of objects in each category and sort the categories by count (Limit category counts to be less than or equal to 10.).,0,0,0,none
CCSS.MATH.K.NBT.A.1,"Compose and decompose numbers from 11 to 19 into ten ones and some further ones, e.g., by using objects or drawings, and record each composition or decomposition by a drawing or equation (such as 18 = 10 + 8); understand that these numbers are composed of ten ones and one, two, three, four, five, six, seven, eight, or nine ones.",0,0,0,none
CCSS.MATH.K.OA.A.1,"Represent addition and subtraction with objects, fingers, mental images, drawings, sounds (e.g., claps), acting out situations, or verbal explanations, expressions, or equations.",0,0,0,none
CCSS.MATH.K.OA.A.2,"Solve addition and subtraction word problems, and add and subtract within 10, e.g., by using objects or drawings to represent the problem.",0,0,0,none
CCSS.MATH.K.OA.A.3,"Decompose numbers less than or equal to 10 into pairs in more than one way, e.g., by using objects or drawing, and record each decomposition by a drawing or equation (e.g., 5 = 2 + 3 and 5 = 4 + 1).",0,0,0,none
CCSS.MATH.K.OA.A.4,"For any number from 1 to 9, find the number that makes 10 when added to the given number, e.g., by using objects or drawings and record the answer with a drawing or equation.",0,0,0,none
CCSS.MATH.K.OA.A.5,Fluently add and subtract within 5.,0,0,0,none
